FrecuenciaDeaciertos,NumeroDeAccesos
0,1
50,2
67,3
50,4
60,5
67,6
71,7
75,8
78,9
70,10
64,11
67,12
62,13
64,14
67,15
69,16
71,17
67,18
68,19
70,20
67,21
68,22
65,23
62,24
64,25
65,26
63,27
64,28
66,29
67,30
68,31
69,32
70,33
71,34
71,35
72,36
70,37
71,38
72,39
70,40
68,41
67,42
65,43
64,44
62,45
61,46
62,47
62,48
63,49
62,50
63,51
63,52
64,53
65,54
65,55
66,56
67,57
67,58
68,59
68,60
69,61
69,62
70,63
70,64
71,65
70,66
70,67
71,68
71,69
71,70
72,71
72,72
73,73
73,74
73,75
72,76
73,77
73,78
73,79
74,80
74,81
74,82
75,83
75,84
75,85
74,86
75,87
75,88
75,89
76,90
76,91
76,92
76,93
77,94
77,95
77,96
76,97
77,98
76,99
76,100
76,101
76,102
77,103
77,104
77,105
77,106
78,107
78,108
78,109
77,110
77,111
78,112
78,113
78,114
78,115
78,116
78,117
78,118
78,119
78,120
78,121
78,122
78,123
78,124
78,125
79,126
79,127
79,128
79,129
79,130
79,131
80,132
80,133
80,134
80,135
80,136
80,137
80,138
81,139
81,140
81,141
81,142
81,143
81,144
81,145
81,146
81,147
80,148
81,149
81,150
81,151
81,152
81,153
81,154
81,155
81,156
82,157
82,158
82,159
82,160
81,161
81,162
82,163
82,164
82,165
82,166
82,167
82,168
82,169
82,170
82,171
81,172
82,173
82,174
82,175
81,176
81,177
81,178
82,179
82,180
82,181
82,182
82,183
82,184
81,185
81,186
80,187
80,188
80,189
80,190
80,191
80,192
80,193
80,194
81,195
81,196
81,197
81,198
81,199
81,200
81,201
80,202
80,203
80,204
80,205
81,206
81,207
81,208
81,209
81,210
81,211
81,212
81,213
81,214
81,215
81,216
81,217
81,218
81,219
81,220
81,221
81,222
81,223
81,224
81,225
81,226
81,227
82,228
82,229
82,230
82,231
82,232
82,233
82,234
82,235
82,236
82,237
82,238
82,239
82,240
82,241
82,242
82,243
82,244
82,245
83,246
83,247
82,248
82,249
82,250
82,251
83,252
83,253
83,254
83,255
83,256
83,257
83,258
83,259
83,260
82,261
82,262
83,263
83,264
83,265
82,266
82,267
82,268
82,269
82,270
82,271
82,272
82,273
82,274
82,275
82,276
82,277
82,278
82,279
82,280
82,281
82,282
82,283
82,284
82,285
82,286
82,287
81,288
81,289
81,290
81,291
81,292
81,293
81,294
81,295
81,296
81,297
81,298
81,299
81,300
81,301
81,302
81,303
81,304
80,305
80,306
80,307
81,308
81,309
81,310
81,311
81,312
81,313
81,314
80,315
80,316
80,317
81,318
81,319
81,320
81,321
81,322
81,323
81,324
81,325
81,326
81,327
81,328
81,329
81,330
81,331
81,332
81,333
81,334
81,335
81,336
81,337
81,338
81,339
81,340
81,341
81,342
81,343
81,344
81,345
81,346
81,347
81,348
81,349
81,350
81,351
80,352
80,353
80,354
80,355
80,356
80,357
80,358
80,359
80,360
80,361
80,362
80,363
80,364
80,365
80,366
80,367
80,368
80,369
80,370
80,371
80,372
79,373
79,374
79,375
79,376
79,377
79,378
79,379
79,380
79,381
79,382
79,383
79,384
79,385
79,386
79,387
79,388
79,389
79,390
79,391
79,392
79,393
79,394
79,395
79,396
79,397
79,398
79,399
79,400
79,401
79,402
79,403
79,404
79,405
79,406
79,407
79,408
79,409
79,410
79,411
79,412
79,413
79,414
79,415
79,416
79,417
79,418
79,419
79,420
79,421
79,422
79,423
79,424
79,425
79,426
79,427
79,428
79,429
79,430
79,431
79,432
79,433
79,434
80,435
80,436
80,437
80,438
80,439
80,440
80,441
79,442
79,443
80,444
79,445
79,446
79,447
79,448
80,449
80,450
80,451
80,452
80,453
80,454
80,455
80,456
80,457
80,458
80,459
80,460
80,461
80,462
80,463
80,464
80,465
80,466
80,467
80,468
80,469
80,470
80,471
80,472
80,473
80,474
80,475
80,476
80,477
80,478
80,479
80,480
79,481
79,482
79,483
79,484
79,485
79,486
79,487
79,488
79,489
79,490
79,491
79,492
79,493
79,494
79,495
79,496
79,497
79,498
79,499
79,500
79,501
79,502
79,503
79,504
79,505
79,506
79,507
79,508
79,509
79,510
79,511
79,512
79,513
79,514
79,515
79,516
79,517
79,518
78,519
78,520
78,521
78,522
78,523
78,524
78,525
79,526
79,527
79,528
78,529
78,530
78,531
78,532
78,533
78,534
78,535
78,536
78,537
78,538
78,539
78,540
78,541
78,542
78,543
78,544
78,545
78,546
78,547
78,548
78,549
78,550
78,551
78,552
78,553
78,554
78,555
78,556
78,557
78,558
78,559
78,560
78,561
78,562
79,563
79,564
79,565
79,566
79,567
79,568
79,569
79,570
79,571
79,572
79,573
79,574
78,575
78,576
79,577
79,578
79,579
79,580
79,581
79,582
79,583
78,584
78,585
78,586
79,587
79,588
79,589
79,590
79,591
79,592
79,593
79,594
79,595
79,596
79,597
78,598
78,599
78,600
79,601
79,602
79,603
79,604
79,605
79,606
79,607
79,608
79,609
79,610
79,611
79,612
79,613
79,614
79,615
79,616
79,617
79,618
79,619
79,620
79,621
79,622
79,623
79,624
79,625
79,626
79,627
79,628
79,629
79,630
79,631
79,632
79,633
79,634
79,635
79,636
79,637
79,638
78,639
78,640
78,641
78,642
78,643
78,644
78,645
78,646
78,647
78,648
78,649
78,650
78,651
78,652
78,653
78,654
78,655
78,656
78,657
78,658
78,659
78,660
78,661
78,662
78,663
78,664
78,665
78,666
78,667
78,668
78,669
78,670
78,671
78,672
78,673
78,674
78,675
78,676
78,677
78,678
78,679
78,680
78,681
78,682
78,683
78,684
78,685
78,686
78,687
78,688
78,689
78,690
78,691
78,692
78,693
78,694
78,695
78,696
78,697
78,698
78,699
78,700
78,701
78,702
78,703
78,704
78,705
78,706
78,707
78,708
78,709
78,710
78,711
78,712
78,713
78,714
78,715
78,716
78,717
78,718
78,719
78,720
78,721
78,722
78,723
78,724
78,725
78,726
78,727
78,728
78,729
78,730
78,731
78,732
78,733
78,734
78,735
77,736
77,737
77,738
77,739
77,740
77,741
77,742
77,743
77,744
77,745
77,746
78,747
77,748
77,749
77,750
77,751
77,752
77,753
77,754
77,755
77,756
77,757
77,758
77,759
77,760
77,761
77,762
77,763
77,764
77,765
77,766
77,767
77,768
77,769
77,770
77,771
77,772
77,773
77,774
77,775
77,776
77,777
77,778
77,779
77,780
77,781
77,782
77,783
77,784
77,785
77,786
77,787
77,788
77,789
77,790
77,791
77,792
77,793
77,794
77,795
77,796
77,797
77,798
77,799
77,800
77,801
77,802
77,803
77,804
77,805
77,806
77,807
77,808
77,809
77,810
77,811
77,812
77,813
77,814
77,815
77,816
77,817
77,818
77,819
77,820
77,821
77,822
78,823
78,824
78,825
78,826
78,827
78,828
78,829
78,830
78,831
78,832
78,833
78,834
77,835
77,836
77,837
77,838
77,839
77,840
77,841
77,842
77,843
77,844
77,845
77,846
77,847
77,848
77,849
77,850
77,851
77,852
77,853
77,854
77,855
77,856
77,857
78,858
78,859
78,860
77,861
77,862
78,863
78,864
78,865
78,866
78,867
78,868
78,869
78,870
78,871
78,872
78,873
78,874
78,875
78,876
78,877
78,878
78,879
78,880
78,881
78,882
78,883
78,884
78,885
78,886
78,887
78,888
78,889
78,890
78,891
78,892
78,893
78,894
78,895
78,896
78,897
78,898
78,899
78,900
78,901
78,902
78,903
78,904
78,905
78,906
78,907
78,908
78,909
78,910
78,911
78,912
78,913
78,914
78,915
78,916
78,917
78,918
78,919
78,920
78,921
78,922
78,923
78,924
78,925
78,926
78,927
78,928
78,929
78,930
78,931
78,932
78,933
78,934
78,935
78,936
78,937
78,938
78,939
78,940
78,941
78,942
78,943
78,944
78,945
78,946
78,947
78,948
78,949
78,950
78,951
78,952
78,953
78,954
78,955
78,956
78,957
78,958
78,959
78,960
78,961
78,962
78,963
78,964
78,965
78,966
78,967
78,968
78,969
78,970
77,971
77,972
77,973
77,974
77,975
77,976
77,977
77,978
77,979
77,980
77,981
77,982
78,983
78,984
78,985
78,986
78,987
77,988
77,989
77,990
77,991
77,992
77,993
77,994
77,995
77,996
77,997
77,998
77,999
77,1000
77,1001
77,1002
77,1003
77,1004
77,1005
77,1006
77,1007
77,1008
77,1009
77,1010
77,1011
77,1012
77,1013
77,1014
77,1015
77,1016
77,1017
77,1018
77,1019
77,1020
77,1021
77,1022
77,1023
77,1024
77,1025
77,1026
77,1027
77,1028
77,1029
77,1030
77,1031
77,1032
77,1033
77,1034
77,1035
77,1036
77,1037
77,1038
77,1039
77,1040
77,1041
77,1042
77,1043
77,1044
77,1045
77,1046
77,1047
77,1048
77,1049
77,1050
77,1051
77,1052
77,1053
77,1054
77,1055
77,1056
77,1057
77,1058
77,1059
77,1060
77,1061
77,1062
77,1063
77,1064
77,1065
77,1066
77,1067
77,1068
77,1069
77,1070
77,1071
77,1072
77,1073
77,1074
77,1075
77,1076
77,1077
77,1078
77,1079
77,1080
77,1081
77,1082
77,1083
77,1084
77,1085
77,1086
77,1087
77,1088
77,1089
77,1090
77,1091
77,1092
77,1093
77,1094
77,1095
77,1096
77,1097
77,1098
77,1099
77,1100
77,1101
77,1102
77,1103
77,1104
77,1105
77,1106
77,1107
77,1108
77,1109
77,1110
77,1111
77,1112
77,1113
77,1114
77,1115
77,1116
77,1117
77,1118
77,1119
77,1120
77,1121
77,1122
77,1123
77,1124
77,1125
77,1126
77,1127
77,1128
77,1129
77,1130
77,1131
77,1132
77,1133
77,1134
77,1135
77,1136
77,1137
77,1138
77,1139
77,1140
77,1141
77,1142
77,1143
77,1144
77,1145
77,1146
77,1147
77,1148
77,1149
77,1150
77,1151
77,1152
77,1153
77,1154
77,1155
77,1156
77,1157
77,1158
77,1159
77,1160
77,1161
77,1162
77,1163
77,1164
77,1165
77,1166
77,1167
77,1168
77,1169
77,1170
77,1171
77,1172
77,1173
77,1174
77,1175
77,1176
77,1177
77,1178
77,1179
77,1180
77,1181
77,1182
77,1183
77,1184
77,1185
77,1186
77,1187
77,1188
77,1189
77,1190
77,1191
77,1192
77,1193
77,1194
77,1195
77,1196
77,1197
77,1198
77,1199
77,1200
77,1201
77,1202
77,1203
77,1204
77,1205
77,1206
77,1207
77,1208
77,1209
77,1210
77,1211
77,1212
77,1213
77,1214
77,1215
77,1216
77,1217
77,1218
77,1219
77,1220
77,1221
77,1222
77,1223
77,1224
77,1225
77,1226
77,1227
76,1228
76,1229
77,1230
77,1231
77,1232
77,1233
77,1234
77,1235
77,1236
77,1237
77,1238
77,1239
77,1240
77,1241
77,1242
77,1243
77,1244
77,1245
76,1246
77,1247
77,1248
76,1249
76,1250
76,1251
77,1252
76,1253
76,1254
76,1255
76,1256
76,1257
76,1258
76,1259
76,1260
76,1261
76,1262
76,1263
76,1264
76,1265
76,1266
76,1267
76,1268
76,1269
76,1270
76,1271
76,1272
76,1273
76,1274
76,1275
76,1276
76,1277
76,1278
76,1279
76,1280
76,1281
76,1282
76,1283
76,1284
76,1285
76,1286
76,1287
76,1288
76,1289
76,1290
76,1291
76,1292
76,1293
76,1294
76,1295
76,1296
76,1297
76,1298
76,1299
76,1300
76,1301
76,1302
76,1303
76,1304
76,1305
76,1306
76,1307
76,1308
76,1309
76,1310
76,1311
76,1312
76,1313
76,1314
76,1315
76,1316
76,1317
76,1318
76,1319
76,1320
76,1321
76,1322
76,1323
76,1324
76,1325
76,1326
76,1327
76,1328
76,1329
76,1330
76,1331
76,1332
76,1333
76,1334
76,1335
76,1336
76,1337
76,1338
76,1339
76,1340
76,1341
76,1342
76,1343
76,1344
76,1345
76,1346
76,1347
76,1348
76,1349
76,1350
76,1351
76,1352
76,1353
76,1354
76,1355
76,1356
76,1357
76,1358
76,1359
76,1360
76,1361
76,1362
76,1363
76,1364
76,1365
76,1366
76,1367
76,1368
76,1369
76,1370
77,1371
77,1372
76,1373
76,1374
76,1375
76,1376
76,1377
76,1378
76,1379
76,1380
76,1381
76,1382
76,1383
76,1384
76,1385
76,1386
76,1387
76,1388
76,1389
76,1390
76,1391
76,1392
76,1393
76,1394
76,1395
77,1396
76,1397
76,1398
76,1399
76,1400
76,1401
76,1402
76,1403
76,1404
76,1405
76,1406
76,1407
76,1408
76,1409
76,1410
76,1411
76,1412
76,1413
76,1414
76,1415
76,1416
76,1417
76,1418
76,1419
76,1420
76,1421
76,1422
76,1423
76,1424
76,1425
76,1426
76,1427
76,1428
76,1429
76,1430
76,1431
76,1432
76,1433
76,1434
76,1435
76,1436
76,1437
76,1438
76,1439
76,1440
76,1441
76,1442
76,1443
76,1444
76,1445
76,1446
76,1447
76,1448
76,1449
76,1450
76,1451
76,1452
76,1453
76,1454
76,1455
76,1456
76,1457
76,1458
76,1459
76,1460
76,1461
76,1462
76,1463
76,1464
76,1465
76,1466
76,1467
76,1468
76,1469
76,1470
76,1471
76,1472
76,1473
76,1474
76,1475
76,1476
76,1477
76,1478
76,1479
76,1480
76,1481
76,1482
76,1483
76,1484
76,1485
76,1486
76,1487
76,1488
76,1489
76,1490
76,1491
76,1492
76,1493
76,1494
76,1495
76,1496
76,1497
76,1498
76,1499
76,1500
76,1501
76,1502
76,1503
76,1504
76,1505
76,1506
76,1507
76,1508
76,1509
76,1510
76,1511
76,1512
76,1513
76,1514
76,1515
76,1516
76,1517
76,1518
76,1519
76,1520
76,1521
76,1522
76,1523
76,1524
76,1525
76,1526
76,1527
76,1528
76,1529
76,1530
76,1531
76,1532
76,1533
76,1534
76,1535
76,1536
76,1537
76,1538
76,1539
76,1540
76,1541
76,1542
76,1543
76,1544
76,1545
76,1546
76,1547
76,1548
76,1549
76,1550
76,1551
76,1552
76,1553
76,1554
76,1555
76,1556
76,1557
76,1558
76,1559
76,1560
76,1561
76,1562
76,1563
76,1564
76,1565
76,1566
75,1567
75,1568
75,1569
75,1570
75,1571
75,1572
75,1573
75,1574
75,1575
75,1576
75,1577
75,1578
75,1579
75,1580
75,1581
75,1582
75,1583
75,1584
75,1585
75,1586
75,1587
75,1588
75,1589
75,1590
75,1591
75,1592
75,1593
75,1594
75,1595
75,1596
75,1597
75,1598
75,1599
75,1600
75,1601
75,1602
75,1603
75,1604
75,1605
75,1606
75,1607
75,1608
75,1609
75,1610
75,1611
75,1612
75,1613
75,1614
75,1615
75,1616
75,1617
75,1618
75,1619
75,1620
75,1621
75,1622
75,1623
75,1624
75,1625
75,1626
75,1627
75,1628
75,1629
75,1630
75,1631
75,1632
75,1633
75,1634
75,1635
75,1636
75,1637
75,1638
75,1639
75,1640
75,1641
75,1642
75,1643
75,1644
75,1645
75,1646
75,1647
75,1648
75,1649
75,1650
75,1651
75,1652
75,1653
75,1654
75,1655
75,1656
75,1657
75,1658
75,1659
75,1660
75,1661
75,1662
75,1663
75,1664
75,1665
75,1666
75,1667
75,1668
75,1669
75,1670
75,1671
75,1672
75,1673
76,1674
75,1675
75,1676
75,1677
75,1678
75,1679
75,1680
75,1681
75,1682
75,1683
75,1684
75,1685
75,1686
75,1687
75,1688
75,1689
75,1690
75,1691
75,1692
75,1693
75,1694
75,1695
75,1696
75,1697
75,1698
75,1699
75,1700
75,1701
75,1702
75,1703
75,1704
75,1705
75,1706
75,1707
75,1708
75,1709
75,1710
75,1711
75,1712
75,1713
75,1714
75,1715
75,1716
75,1717
75,1718
75,1719
75,1720
75,1721
75,1722
75,1723
75,1724
75,1725
75,1726
76,1727
76,1728
76,1729
75,1730
75,1731
75,1732
75,1733
75,1734
76,1735
76,1736
75,1737
75,1738
75,1739
75,1740
75,1741
75,1742
75,1743
75,1744
75,1745
75,1746
75,1747
75,1748
75,1749
75,1750
75,1751
75,1752
75,1753
75,1754
75,1755
75,1756
75,1757
75,1758
75,1759
75,1760
75,1761
75,1762
75,1763
75,1764
75,1765
75,1766
75,1767
75,1768
75,1769
75,1770
75,1771
75,1772
75,1773
75,1774
75,1775
75,1776
75,1777
75,1778
75,1779
75,1780
75,1781
75,1782
75,1783
75,1784
75,1785
75,1786
75,1787
75,1788
75,1789
75,1790
75,1791
75,1792
75,1793
75,1794
75,1795
75,1796
75,1797
75,1798
75,1799
75,1800
75,1801
75,1802
75,1803
75,1804
75,1805
75,1806
75,1807
75,1808
75,1809
75,1810
75,1811
75,1812
75,1813
75,1814
75,1815
75,1816
75,1817
75,1818
75,1819
75,1820
75,1821
75,1822
75,1823
75,1824
75,1825
75,1826
75,1827
75,1828
75,1829
75,1830
75,1831
75,1832
75,1833
75,1834
75,1835
75,1836
75,1837
75,1838
75,1839
75,1840
75,1841
75,1842
74,1843
75,1844
75,1845
75,1846
74,1847
75,1848
75,1849
74,1850
74,1851
74,1852
74,1853
74,1854
74,1855
74,1856
74,1857
74,1858
74,1859
74,1860
74,1861
74,1862
74,1863
74,1864
74,1865
74,1866
74,1867
74,1868
74,1869
74,1870
74,1871
74,1872
74,1873
74,1874
74,1875
74,1876
74,1877
74,1878
74,1879
74,1880
74,1881
74,1882
74,1883
74,1884
74,1885
74,1886
74,1887
74,1888
74,1889
74,1890
74,1891
74,1892
74,1893
74,1894
74,1895
74,1896
74,1897
74,1898
74,1899
74,1900
74,1901
74,1902
74,1903
74,1904
74,1905
74,1906
74,1907
74,1908
74,1909
74,1910
74,1911
74,1912
74,1913
74,1914
74,1915
74,1916
74,1917
74,1918
74,1919
74,1920
74,1921
74,1922
74,1923
74,1924
74,1925
74,1926
74,1927
74,1928
74,1929
74,1930
74,1931
74,1932
74,1933
74,1934
74,1935
74,1936
74,1937
74,1938
74,1939
74,1940
74,1941
74,1942
74,1943
74,1944
74,1945
74,1946
74,1947
74,1948
74,1949
74,1950
74,1951
74,1952
74,1953
74,1954
74,1955
74,1956
74,1957
74,1958
74,1959
73,1960
73,1961
73,1962
73,1963
73,1964
73,1965
73,1966
74,1967
74,1968
73,1969
73,1970
73,1971
73,1972
73,1973
74,1974
74,1975
74,1976
73,1977
73,1978
73,1979
73,1980
73,1981
73,1982
73,1983
73,1984
73,1985
73,1986
73,1987
73,1988
74,1989
74,1990
73,1991
73,1992
73,1993
73,1994
73,1995
73,1996
74,1997
74,1998
74,1999
74,2000
74,2001
74,2002
74,2003
74,2004
74,2005
74,2006
74,2007
74,2008
74,2009
74,2010
74,2011
74,2012
74,2013
74,2014
74,2015
74,2016
74,2017
74,2018
74,2019
74,2020
74,2021
74,2022
74,2023
74,2024
74,2025
74,2026
74,2027
74,2028
74,2029
74,2030
74,2031
74,2032
74,2033
74,2034
73,2035
73,2036
73,2037
73,2038
73,2039
73,2040
73,2041
73,2042
73,2043
73,2044
73,2045
73,2046
73,2047
73,2048
73,2049
73,2050
73,2051
73,2052
73,2053
73,2054
73,2055
73,2056
73,2057
73,2058
73,2059
73,2060
73,2061
73,2062
73,2063
73,2064
73,2065
73,2066
73,2067
73,2068
73,2069
73,2070
73,2071
73,2072
73,2073
73,2074
73,2075
73,2076
73,2077
73,2078
73,2079
73,2080
73,2081
73,2082
73,2083
73,2084
73,2085
73,2086
73,2087
73,2088
73,2089
73,2090
73,2091
73,2092
73,2093
73,2094
73,2095
73,2096
73,2097
73,2098
73,2099
73,2100
73,2101
73,2102
73,2103
73,2104
73,2105
73,2106
73,2107
73,2108
73,2109
73,2110
73,2111
73,2112
73,2113
73,2114
73,2115
73,2116
73,2117
73,2118
73,2119
73,2120
73,2121
73,2122
73,2123
73,2124
73,2125
73,2126
73,2127
73,2128
73,2129
73,2130
73,2131
73,2132
73,2133
73,2134
73,2135
73,2136
73,2137
73,2138
73,2139
73,2140
73,2141
73,2142
73,2143
73,2144
73,2145
73,2146
73,2147
73,2148
73,2149
73,2150
73,2151
73,2152
73,2153
73,2154
73,2155
73,2156
73,2157
73,2158
73,2159
73,2160
73,2161
73,2162
73,2163
73,2164
73,2165
73,2166
73,2167
73,2168
73,2169
73,2170
73,2171
73,2172
73,2173
73,2174
73,2175
73,2176
73,2177
73,2178
73,2179
73,2180
73,2181
73,2182
73,2183
73,2184
73,2185
73,2186
73,2187
73,2188
73,2189
73,2190
73,2191
73,2192
73,2193
73,2194
73,2195
73,2196
73,2197
73,2198
73,2199
73,2200
73,2201
73,2202
73,2203
73,2204
73,2205
73,2206
73,2207
73,2208
73,2209
73,2210
73,2211
73,2212
73,2213
73,2214
73,2215
73,2216
73,2217
73,2218
73,2219
73,2220
73,2221
73,2222
73,2223
73,2224
73,2225
73,2226
73,2227
73,2228
73,2229
73,2230
73,2231
73,2232
73,2233
73,2234
73,2235
73,2236
73,2237
73,2238
73,2239
73,2240
73,2241
73,2242
73,2243
73,2244
73,2245
73,2246
73,2247
73,2248
73,2249
73,2250
73,2251
73,2252
73,2253
73,2254
73,2255
73,2256
73,2257
73,2258
73,2259
73,2260
73,2261
73,2262
73,2263
73,2264
73,2265
73,2266
73,2267
73,2268
72,2269
73,2270
72,2271
72,2272
72,2273
72,2274
72,2275
72,2276
72,2277
72,2278
72,2279
72,2280
72,2281
72,2282
72,2283
72,2284
72,2285
72,2286
72,2287
72,2288
72,2289
72,2290
72,2291
72,2292
72,2293
72,2294
72,2295
72,2296
72,2297
72,2298
72,2299
72,2300
72,2301
72,2302
72,2303
72,2304
72,2305
72,2306
72,2307
72,2308
72,2309
72,2310
72,2311
72,2312
72,2313
72,2314
72,2315
72,2316
72,2317
72,2318
72,2319
72,2320
72,2321
72,2322
72,2323
72,2324
72,2325
72,2326
72,2327
72,2328
72,2329
72,2330
72,2331
72,2332
72,2333
72,2334
72,2335
72,2336
72,2337
72,2338
72,2339
72,2340
72,2341
72,2342
72,2343
72,2344
72,2345
72,2346
72,2347
72,2348
72,2349
72,2350
72,2351
72,2352
72,2353
72,2354
72,2355
72,2356
72,2357
72,2358
72,2359
72,2360
72,2361
72,2362
72,2363
72,2364
72,2365
72,2366
72,2367
72,2368
72,2369
72,2370
72,2371
72,2372
72,2373
72,2374
72,2375
72,2376
72,2377
72,2378
72,2379
72,2380
72,2381
72,2382
72,2383
72,2384
72,2385
72,2386
72,2387
72,2388
72,2389
72,2390
72,2391
72,2392
72,2393
72,2394
72,2395
72,2396
72,2397
72,2398
72,2399
72,2400
72,2401
72,2402
72,2403
72,2404
72,2405
72,2406
72,2407
72,2408
72,2409
72,2410
72,2411
72,2412
72,2413
72,2414
72,2415
72,2416
72,2417
72,2418
72,2419
72,2420
72,2421
72,2422
72,2423
72,2424
72,2425
72,2426
72,2427
72,2428
72,2429
72,2430
72,2431
72,2432
72,2433
72,2434
72,2435
72,2436
72,2437
72,2438
72,2439
72,2440
72,2441
72,2442
72,2443
72,2444
72,2445
72,2446
72,2447
72,2448
72,2449
72,2450
72,2451
72,2452
72,2453
72,2454
72,2455
72,2456
72,2457
72,2458
72,2459
72,2460
72,2461
72,2462
72,2463
72,2464
72,2465
72,2466
72,2467
72,2468
72,2469
72,2470
72,2471
72,2472
72,2473
72,2474
72,2475
72,2476
72,2477
72,2478
72,2479
72,2480
72,2481
72,2482
72,2483
72,2484
72,2485
72,2486
72,2487
72,2488
72,2489
72,2490
72,2491
72,2492
72,2493
72,2494
72,2495
72,2496
72,2497
72,2498
72,2499
72,2500
72,2501
72,2502
72,2503
72,2504
72,2505
72,2506
72,2507
72,2508
72,2509
72,2510
72,2511
71,2512
72,2513
72,2514
71,2515
71,2516
71,2517
71,2518
71,2519
72,2520
71,2521
71,2522
71,2523
71,2524
71,2525
71,2526
71,2527
71,2528
71,2529
71,2530
71,2531
71,2532
71,2533
71,2534
71,2535
71,2536
71,2537
71,2538
71,2539
71,2540
71,2541
71,2542
71,2543
71,2544
71,2545
71,2546
71,2547
71,2548
71,2549
71,2550
71,2551
71,2552
71,2553
71,2554
71,2555
71,2556
71,2557
71,2558
71,2559
71,2560
71,2561
71,2562
71,2563
71,2564
71,2565
71,2566
71,2567
71,2568
71,2569
71,2570
71,2571
71,2572
71,2573
71,2574
71,2575
71,2576
71,2577
71,2578
71,2579
71,2580
71,2581
71,2582
71,2583
71,2584
71,2585
71,2586
71,2587
71,2588
71,2589
71,2590
71,2591
71,2592
71,2593
71,2594
71,2595
71,2596
71,2597
71,2598
71,2599
71,2600
71,2601
71,2602
71,2603
71,2604
71,2605
71,2606
71,2607
71,2608
71,2609
71,2610
71,2611
71,2612
71,2613
71,2614
71,2615
71,2616
71,2617
71,2618
71,2619
71,2620
71,2621
71,2622
71,2623
71,2624
71,2625
71,2626
71,2627
71,2628
71,2629
71,2630
71,2631
71,2632
71,2633
71,2634
71,2635
71,2636
71,2637
71,2638
71,2639
71,2640
71,2641
71,2642
71,2643
70,2644
70,2645
70,2646
70,2647
71,2648
71,2649
70,2650
71,2651
71,2652
70,2653
70,2654
71,2655
70,2656
70,2657
70,2658
70,2659
70,2660
70,2661
70,2662
70,2663
70,2664
70,2665
70,2666
70,2667
71,2668
71,2669
70,2670
70,2671
71,2672
70,2673
70,2674
70,2675
70,2676
70,2677
70,2678
70,2679
70,2680
70,2681
70,2682
70,2683
70,2684
70,2685
70,2686
70,2687
70,2688
70,2689
70,2690
70,2691
70,2692
70,2693
70,2694
70,2695
70,2696
70,2697
70,2698
70,2699
70,2700
70,2701
70,2702
70,2703
70,2704
70,2705
70,2706
70,2707
70,2708
70,2709
70,2710
70,2711
70,2712
70,2713
70,2714
70,2715
70,2716
70,2717
70,2718
70,2719
70,2720
70,2721
70,2722
70,2723
70,2724
70,2725
70,2726
70,2727
70,2728
70,2729
70,2730
70,2731
70,2732
70,2733
70,2734
70,2735
70,2736
70,2737
70,2738
70,2739
70,2740
70,2741
70,2742
70,2743
70,2744
70,2745
70,2746
70,2747
70,2748
70,2749
70,2750
70,2751
70,2752
70,2753
70,2754
70,2755
70,2756
70,2757
70,2758
70,2759
70,2760
70,2761
70,2762
70,2763
70,2764
70,2765
70,2766
70,2767
70,2768
70,2769
70,2770
70,2771
70,2772
70,2773
70,2774
70,2775
70,2776
70,2777
70,2778
70,2779
70,2780
70,2781
70,2782
70,2783
70,2784
70,2785
70,2786
70,2787
70,2788
70,2789
70,2790
70,2791
70,2792
70,2793
70,2794
70,2795
70,2796
70,2797
70,2798
70,2799
70,2800
70,2801
70,2802
70,2803
70,2804
70,2805
70,2806
70,2807
70,2808
70,2809
70,2810
70,2811
70,2812
70,2813
70,2814
70,2815
70,2816
70,2817
70,2818
70,2819
70,2820
70,2821
70,2822
70,2823
70,2824
70,2825
70,2826
70,2827
70,2828
70,2829
70,2830
70,2831
70,2832
70,2833
70,2834
70,2835
70,2836
70,2837
70,2838
70,2839
70,2840
70,2841
70,2842
70,2843
70,2844
70,2845
70,2846
70,2847
70,2848
70,2849
70,2850
70,2851
70,2852
70,2853
70,2854
70,2855
70,2856
70,2857
70,2858
70,2859
70,2860
70,2861
70,2862
70,2863
70,2864
70,2865
70,2866
70,2867
70,2868
70,2869
70,2870
70,2871
70,2872
70,2873
70,2874
70,2875
70,2876
70,2877
70,2878
70,2879
70,2880
70,2881
70,2882
70,2883
70,2884
70,2885
70,2886
70,2887
70,2888
70,2889
70,2890
70,2891
70,2892
70,2893
70,2894
70,2895
70,2896
70,2897
70,2898
70,2899
70,2900
70,2901
70,2902
70,2903
70,2904
70,2905
70,2906
70,2907
70,2908
70,2909
70,2910
70,2911
70,2912
70,2913
70,2914
70,2915
70,2916
70,2917
70,2918
70,2919
70,2920
70,2921
70,2922
70,2923
70,2924
70,2925
70,2926
70,2927
70,2928
70,2929
70,2930
70,2931
70,2932
70,2933
70,2934
70,2935
70,2936
70,2937
70,2938
70,2939
70,2940
70,2941
70,2942
70,2943
69,2944
70,2945
69,2946
69,2947
69,2948
69,2949
69,2950
70,2951
69,2952
69,2953
69,2954
69,2955
69,2956
69,2957
69,2958
69,2959
69,2960
69,2961
69,2962
69,2963
69,2964
69,2965
69,2966
69,2967
69,2968
69,2969
69,2970
69,2971
69,2972
69,2973
69,2974
69,2975
69,2976
69,2977
69,2978
69,2979
69,2980
69,2981
69,2982
69,2983
69,2984
69,2985
69,2986
69,2987
69,2988
69,2989
69,2990
69,2991
69,2992
69,2993
69,2994
69,2995
69,2996
69,2997
69,2998
69,2999
69,3000
69,3001
69,3002
69,3003
69,3004
69,3005
69,3006
69,3007
69,3008
69,3009
69,3010
69,3011
69,3012
69,3013
69,3014
69,3015
69,3016
69,3017
69,3018
69,3019
69,3020
69,3021
69,3022
69,3023
69,3024
69,3025
69,3026
69,3027
69,3028
69,3029
69,3030
69,3031
69,3032
69,3033
69,3034
69,3035
69,3036
69,3037
69,3038
69,3039
69,3040
69,3041
69,3042
69,3043
69,3044
69,3045
69,3046
69,3047
69,3048
69,3049
69,3050
69,3051
69,3052
69,3053
69,3054
69,3055
69,3056
69,3057
69,3058
69,3059
69,3060
69,3061
69,3062
69,3063
69,3064
69,3065
69,3066
69,3067
69,3068
69,3069
69,3070
69,3071
69,3072
69,3073
69,3074
69,3075
69,3076
69,3077
69,3078
69,3079
69,3080
69,3081
69,3082
69,3083
69,3084
69,3085
69,3086
69,3087
69,3088
69,3089
69,3090
69,3091
69,3092
69,3093
69,3094
69,3095
69,3096
69,3097
69,3098
69,3099
69,3100
69,3101
69,3102
69,3103
69,3104
69,3105
69,3106
69,3107
69,3108
69,3109
69,3110
69,3111
69,3112
69,3113
69,3114
69,3115
69,3116
69,3117
69,3118
69,3119
69,3120
69,3121
69,3122
69,3123
69,3124
69,3125
69,3126
69,3127
69,3128
69,3129
69,3130
69,3131
69,3132
69,3133
69,3134
69,3135
69,3136
69,3137
69,3138
69,3139
69,3140
69,3141
69,3142
69,3143
69,3144
69,3145
69,3146
69,3147
69,3148
69,3149
69,3150
69,3151
69,3152
69,3153
69,3154
69,3155
69,3156
69,3157
69,3158
69,3159
69,3160
69,3161
69,3162
69,3163
69,3164
69,3165
69,3166
69,3167
69,3168
69,3169
69,3170
69,3171
69,3172
69,3173
69,3174
69,3175
69,3176
69,3177
69,3178
69,3179
69,3180
69,3181
69,3182
69,3183
69,3184
69,3185
69,3186
69,3187
69,3188
69,3189
69,3190
69,3191
69,3192
69,3193
69,3194
69,3195
69,3196
69,3197
69,3198
69,3199
69,3200
69,3201
69,3202
69,3203
69,3204
69,3205
69,3206
69,3207
69,3208
69,3209
69,3210
69,3211
69,3212
69,3213
69,3214
69,3215
69,3216
69,3217
69,3218
69,3219
69,3220
69,3221
69,3222
69,3223
69,3224
69,3225
69,3226
69,3227
69,3228
69,3229
69,3230
69,3231
69,3232
69,3233
69,3234
69,3235
69,3236
69,3237
69,3238
69,3239
69,3240
69,3241
69,3242
69,3243
68,3244
69,3245
68,3246
68,3247
68,3248
68,3249
68,3250
68,3251
68,3252
68,3253
68,3254
68,3255
68,3256
68,3257
68,3258
68,3259
68,3260
68,3261
68,3262
68,3263
68,3264
68,3265
68,3266
68,3267
68,3268
68,3269
68,3270
68,3271
68,3272
68,3273
68,3274
68,3275
68,3276
68,3277
68,3278
68,3279
68,3280
68,3281
68,3282
68,3283
68,3284
68,3285
68,3286
68,3287
68,3288
68,3289
68,3290
68,3291
68,3292
68,3293
68,3294
68,3295
68,3296
68,3297
68,3298
68,3299
68,3300
68,3301
68,3302
68,3303
68,3304
68,3305
68,3306
68,3307
68,3308
68,3309
68,3310
68,3311
68,3312
68,3313
68,3314
68,3315
68,3316
68,3317
68,3318
68,3319
68,3320
68,3321
68,3322
68,3323
68,3324
68,3325
68,3326
68,3327
68,3328
68,3329
68,3330
68,3331
68,3332
68,3333
68,3334
68,3335
68,3336
68,3337
68,3338
68,3339
68,3340
68,3341
68,3342
68,3343
68,3344
68,3345
68,3346
68,3347
68,3348
68,3349
68,3350
68,3351
68,3352
68,3353
68,3354
68,3355
68,3356
68,3357
68,3358
68,3359
68,3360
68,3361
68,3362
68,3363
68,3364
68,3365
68,3366
68,3367
68,3368
68,3369
68,3370
68,3371
68,3372
68,3373
68,3374
68,3375
68,3376
68,3377
68,3378
68,3379
68,3380
68,3381
68,3382
68,3383
68,3384
68,3385
68,3386
68,3387
68,3388
68,3389
68,3390
68,3391
68,3392
68,3393
68,3394
68,3395
68,3396
68,3397
68,3398
68,3399
68,3400
68,3401
68,3402
68,3403
68,3404
68,3405
68,3406
68,3407
68,3408
68,3409
68,3410
68,3411
68,3412
68,3413
68,3414
68,3415
68,3416
68,3417
68,3418
68,3419
68,3420
68,3421
68,3422
68,3423
68,3424
68,3425
68,3426
68,3427
68,3428
68,3429
68,3430
68,3431
68,3432
68,3433
68,3434
68,3435
68,3436
68,3437
68,3438
68,3439
68,3440
68,3441
68,3442
68,3443
68,3444
68,3445
68,3446
68,3447
68,3448
68,3449
68,3450
68,3451
68,3452
68,3453
68,3454
68,3455
68,3456
68,3457
68,3458
68,3459
68,3460
68,3461
68,3462
68,3463
68,3464
68,3465
68,3466
68,3467
68,3468
68,3469
68,3470
68,3471
68,3472
68,3473
68,3474
68,3475
68,3476
68,3477
68,3478
68,3479
68,3480
68,3481
67,3482
67,3483
67,3484
67,3485
67,3486
67,3487
67,3488
67,3489
67,3490
67,3491
67,3492
67,3493
67,3494
67,3495
67,3496
67,3497
67,3498
67,3499
67,3500
67,3501
67,3502
67,3503
67,3504
67,3505
67,3506
67,3507
67,3508
67,3509
67,3510
67,3511
67,3512
67,3513
67,3514
67,3515
67,3516
67,3517
67,3518
67,3519
67,3520
67,3521
67,3522
67,3523
67,3524
67,3525
67,3526
67,3527
67,3528
67,3529
67,3530
67,3531
67,3532
67,3533
67,3534
67,3535
67,3536
67,3537
67,3538
67,3539
67,3540
67,3541
67,3542
67,3543
67,3544
67,3545
67,3546
67,3547
67,3548
67,3549
67,3550
67,3551
67,3552
67,3553
67,3554
67,3555
67,3556
67,3557
67,3558
67,3559
67,3560
67,3561
67,3562
67,3563
67,3564
67,3565
67,3566
67,3567
67,3568
67,3569
67,3570
67,3571
67,3572
67,3573
67,3574
67,3575
67,3576
67,3577
67,3578
67,3579
67,3580
67,3581
67,3582
67,3583
67,3584
67,3585
67,3586
67,3587
67,3588
67,3589
67,3590
67,3591
67,3592
67,3593
67,3594
67,3595
67,3596
67,3597
67,3598
67,3599
67,3600
67,3601
67,3602
67,3603
67,3604
67,3605
67,3606
67,3607
67,3608
67,3609
67,3610
67,3611
67,3612
67,3613
67,3614
67,3615
67,3616
67,3617
67,3618
67,3619
67,3620
67,3621
67,3622
67,3623
67,3624
67,3625
67,3626
67,3627
67,3628
67,3629
67,3630
67,3631
67,3632
67,3633
67,3634
67,3635
67,3636
67,3637
67,3638
67,3639
67,3640
67,3641
67,3642
67,3643
67,3644
67,3645
67,3646
67,3647
67,3648
67,3649
67,3650
67,3651
67,3652
67,3653
67,3654
67,3655
67,3656
67,3657
67,3658
67,3659
67,3660
67,3661
67,3662
67,3663
67,3664
67,3665
67,3666
67,3667
67,3668
67,3669
67,3670
67,3671
67,3672
67,3673
67,3674
67,3675
67,3676
67,3677
67,3678
67,3679
67,3680
67,3681
67,3682
67,3683
67,3684
67,3685
67,3686
67,3687
67,3688
67,3689
67,3690
67,3691
67,3692
67,3693
67,3694
67,3695
67,3696
67,3697
67,3698
67,3699
67,3700
67,3701
67,3702
67,3703
67,3704
67,3705
67,3706
67,3707
67,3708
67,3709
67,3710
67,3711
67,3712
67,3713
67,3714
67,3715
67,3716
67,3717
67,3718
67,3719
67,3720
67,3721
67,3722
67,3723
67,3724
67,3725
67,3726
67,3727
67,3728
67,3729
67,3730
67,3731
67,3732
67,3733
67,3734
67,3735
67,3736
67,3737
67,3738
67,3739
67,3740
67,3741
67,3742
67,3743
67,3744
67,3745
67,3746
67,3747
67,3748
67,3749
67,3750
67,3751
67,3752
67,3753
67,3754
67,3755
67,3756
67,3757
67,3758
67,3759
67,3760
67,3761
67,3762
67,3763
67,3764
67,3765
67,3766
67,3767
67,3768
67,3769
67,3770
67,3771
67,3772
67,3773
67,3774
67,3775
67,3776
67,3777
67,3778
67,3779
67,3780
67,3781
67,3782
67,3783
67,3784
67,3785
67,3786
67,3787
67,3788
67,3789
67,3790
67,3791
67,3792
67,3793
67,3794
67,3795
67,3796
67,3797
67,3798
67,3799
67,3800
67,3801
67,3802
67,3803
67,3804
67,3805
67,3806
67,3807
67,3808
67,3809
67,3810
67,3811
67,3812
67,3813
67,3814
67,3815
67,3816
67,3817
67,3818
67,3819
67,3820
67,3821
67,3822
67,3823
67,3824
67,3825
67,3826
67,3827
67,3828
67,3829
67,3830
67,3831
67,3832
67,3833
67,3834
67,3835
67,3836
67,3837
67,3838
67,3839
67,3840
67,3841
67,3842
67,3843
67,3844
67,3845
66,3846
66,3847
67,3848
67,3849
67,3850
67,3851
67,3852
67,3853
67,3854
66,3855
66,3856
66,3857
66,3858
66,3859
66,3860
66,3861
66,3862
66,3863
66,3864
66,3865
66,3866
66,3867
66,3868
66,3869
66,3870
66,3871
66,3872
66,3873
66,3874
66,3875
66,3876
66,3877
66,3878
66,3879
66,3880
66,3881
66,3882
66,3883
66,3884
66,3885
66,3886
66,3887
66,3888
66,3889
66,3890
66,3891
66,3892
66,3893
66,3894
66,3895
66,3896
66,3897
66,3898
66,3899
66,3900
66,3901
66,3902
66,3903
66,3904
66,3905
66,3906
66,3907
66,3908
66,3909
66,3910
66,3911
66,3912
66,3913
66,3914
66,3915
66,3916
66,3917
66,3918
66,3919
66,3920
66,3921
66,3922
66,3923
66,3924
66,3925
66,3926
66,3927
66,3928
66,3929
66,3930
66,3931
66,3932
66,3933
66,3934
66,3935
66,3936
66,3937
66,3938
66,3939
66,3940
66,3941
66,3942
66,3943
66,3944
66,3945
66,3946
66,3947
66,3948
66,3949
66,3950
66,3951
66,3952
66,3953
66,3954
66,3955
66,3956
66,3957
66,3958
66,3959
66,3960
66,3961
66,3962
66,3963
66,3964
66,3965
66,3966
66,3967
66,3968
66,3969
66,3970
66,3971
66,3972
66,3973
66,3974
66,3975
66,3976
66,3977
66,3978
66,3979
66,3980
66,3981
66,3982
66,3983
66,3984
66,3985
66,3986
66,3987
66,3988
66,3989
66,3990
66,3991
66,3992
66,3993
66,3994
66,3995
66,3996
66,3997
66,3998
66,3999
66,4000
66,4001
66,4002
66,4003
66,4004
66,4005
66,4006
66,4007
66,4008
66,4009
66,4010
66,4011
66,4012
66,4013
66,4014
66,4015
66,4016
66,4017
66,4018
66,4019
66,4020
66,4021
66,4022
66,4023
66,4024
66,4025
66,4026
66,4027
66,4028
66,4029
66,4030
66,4031
66,4032
66,4033
66,4034
66,4035
66,4036
66,4037
66,4038
66,4039
66,4040
66,4041
66,4042
66,4043
66,4044
66,4045
66,4046
66,4047
66,4048
66,4049
66,4050
66,4051
66,4052
66,4053
66,4054
66,4055
66,4056
66,4057
66,4058
66,4059
66,4060
66,4061
66,4062
66,4063
66,4064
66,4065
66,4066
66,4067
66,4068
66,4069
66,4070
66,4071
66,4072
66,4073
66,4074
66,4075
66,4076
66,4077
66,4078
66,4079
66,4080
66,4081
66,4082
66,4083
66,4084
66,4085
66,4086
66,4087
66,4088
66,4089
66,4090
66,4091
66,4092
66,4093
66,4094
66,4095
66,4096
66,4097
66,4098
66,4099
66,4100
66,4101
66,4102
66,4103
66,4104
66,4105
66,4106
66,4107
66,4108
66,4109
66,4110
66,4111
66,4112
66,4113
66,4114
66,4115
66,4116
66,4117
66,4118
66,4119
66,4120
66,4121
66,4122
66,4123
66,4124
66,4125
66,4126
66,4127
66,4128
66,4129
66,4130
66,4131
66,4132
66,4133
66,4134
66,4135
66,4136
66,4137
66,4138
66,4139
66,4140
66,4141
66,4142
66,4143
66,4144
66,4145
66,4146
66,4147
66,4148
66,4149
66,4150
66,4151
66,4152
66,4153
66,4154
66,4155
66,4156
66,4157
66,4158
66,4159
66,4160
66,4161
66,4162
66,4163
66,4164
66,4165
66,4166
66,4167
66,4168
66,4169
66,4170
66,4171
66,4172
66,4173
66,4174
66,4175
66,4176
66,4177
66,4178
66,4179
66,4180
66,4181
66,4182
66,4183
66,4184
66,4185
66,4186
66,4187
66,4188
66,4189
66,4190
66,4191
66,4192
66,4193
66,4194
66,4195
66,4196
66,4197
66,4198
66,4199
66,4200
66,4201
66,4202
66,4203
66,4204
66,4205
66,4206
66,4207
66,4208
66,4209
66,4210
66,4211
66,4212
66,4213
66,4214
66,4215
66,4216
66,4217
66,4218
66,4219
66,4220
66,4221
66,4222
66,4223
66,4224
66,4225
66,4226
66,4227
66,4228
66,4229
66,4230
66,4231
66,4232
66,4233
66,4234
66,4235
66,4236
66,4237
66,4238
66,4239
66,4240
66,4241
66,4242
66,4243
66,4244
66,4245
66,4246
66,4247
66,4248
65,4249
65,4250
65,4251
65,4252
65,4253
65,4254
65,4255
65,4256
65,4257
66,4258
65,4259
65,4260
65,4261
65,4262
65,4263
65,4264
65,4265
65,4266
65,4267
65,4268
65,4269
65,4270
65,4271
65,4272
65,4273
65,4274
65,4275
65,4276
65,4277
65,4278
65,4279
65,4280
65,4281
65,4282
65,4283
65,4284
65,4285
65,4286
65,4287
65,4288
65,4289
65,4290
65,4291
65,4292
65,4293
65,4294
65,4295
65,4296
65,4297
65,4298
65,4299
65,4300
65,4301
65,4302
65,4303
65,4304
65,4305
65,4306
65,4307
65,4308
65,4309
65,4310
65,4311
65,4312
65,4313
65,4314
65,4315
65,4316
65,4317
65,4318
65,4319
65,4320
65,4321
65,4322
65,4323
65,4324
65,4325
65,4326
65,4327
65,4328
65,4329
65,4330
65,4331
65,4332
65,4333
65,4334
65,4335
65,4336
65,4337
65,4338
65,4339
65,4340
65,4341
65,4342
65,4343
65,4344
65,4345
65,4346
65,4347
65,4348
65,4349
65,4350
65,4351
65,4352
65,4353
65,4354
65,4355
65,4356
65,4357
65,4358
65,4359
65,4360
65,4361
65,4362
65,4363
65,4364
65,4365
65,4366
65,4367
65,4368
65,4369
65,4370
65,4371
65,4372
65,4373
65,4374
65,4375
65,4376
65,4377
65,4378
65,4379
65,4380
65,4381
65,4382
65,4383
65,4384
65,4385
65,4386
65,4387
65,4388
65,4389
65,4390
65,4391
65,4392
65,4393
65,4394
65,4395
65,4396
65,4397
65,4398
65,4399
65,4400
65,4401
65,4402
65,4403
65,4404
65,4405
65,4406
65,4407
65,4408
65,4409
65,4410
65,4411
65,4412
65,4413
65,4414
65,4415
65,4416
65,4417
65,4418
65,4419
65,4420
65,4421
65,4422
65,4423
65,4424
65,4425
65,4426
65,4427
65,4428
65,4429
65,4430
65,4431
65,4432
65,4433
65,4434
65,4435
65,4436
65,4437
65,4438
65,4439
65,4440
65,4441
65,4442
65,4443
65,4444
65,4445
65,4446
65,4447
65,4448
65,4449
65,4450
65,4451
65,4452
65,4453
65,4454
65,4455
65,4456
65,4457
65,4458
65,4459
65,4460
65,4461
65,4462
65,4463
65,4464
65,4465
65,4466
65,4467
65,4468
65,4469
65,4470
65,4471
65,4472
65,4473
65,4474
65,4475
65,4476
65,4477
65,4478
65,4479
65,4480
65,4481
65,4482
65,4483
65,4484
65,4485
65,4486
65,4487
65,4488
65,4489
65,4490
65,4491
65,4492
65,4493
65,4494
65,4495
65,4496
65,4497
65,4498
65,4499
65,4500
65,4501
65,4502
65,4503
65,4504
65,4505
65,4506
65,4507
65,4508
65,4509
65,4510
65,4511
65,4512
65,4513
65,4514
65,4515
65,4516
65,4517
65,4518
65,4519
65,4520
65,4521
65,4522
65,4523
65,4524
65,4525
65,4526
65,4527
65,4528
65,4529
65,4530
65,4531
65,4532
65,4533
65,4534
65,4535
65,4536
65,4537
65,4538
65,4539
65,4540
65,4541
65,4542
65,4543
65,4544
65,4545
65,4546
65,4547
65,4548
65,4549
65,4550
65,4551
65,4552
65,4553
65,4554
65,4555
65,4556
65,4557
65,4558
65,4559
65,4560
65,4561
65,4562
65,4563
65,4564
65,4565
65,4566
65,4567
65,4568
65,4569
65,4570
65,4571
65,4572
65,4573
65,4574
65,4575
65,4576
65,4577
65,4578
65,4579
65,4580
65,4581
65,4582
65,4583
65,4584
65,4585
65,4586
65,4587
65,4588
65,4589
65,4590
65,4591
65,4592
65,4593
65,4594
65,4595
65,4596
65,4597
65,4598
65,4599
64,4600
64,4601
64,4602
64,4603
64,4604
64,4605
64,4606
64,4607
64,4608
64,4609
64,4610
64,4611
64,4612
64,4613
64,4614
64,4615
64,4616
64,4617
64,4618
64,4619
64,4620
64,4621
64,4622
64,4623
64,4624
64,4625
64,4626
64,4627
64,4628
64,4629
64,4630
64,4631
64,4632
64,4633
64,4634
64,4635
64,4636
64,4637
64,4638
64,4639
64,4640
64,4641
64,4642
64,4643
64,4644
64,4645
64,4646
64,4647
64,4648
64,4649
64,4650
64,4651
64,4652
64,4653
64,4654
64,4655
64,4656
64,4657
64,4658
64,4659
64,4660
64,4661
64,4662
64,4663
64,4664
64,4665
64,4666
64,4667
64,4668
64,4669
64,4670
64,4671
64,4672
64,4673
64,4674
64,4675
64,4676
64,4677
64,4678
64,4679
64,4680
64,4681
64,4682
64,4683
64,4684
64,4685
64,4686
64,4687
64,4688
64,4689
64,4690
64,4691
64,4692
64,4693
64,4694
64,4695
64,4696
64,4697
64,4698
64,4699
64,4700
64,4701
64,4702
64,4703
64,4704
64,4705
64,4706
64,4707
64,4708
64,4709
64,4710
64,4711
64,4712
64,4713
64,4714
64,4715
64,4716
64,4717
64,4718
64,4719
64,4720
64,4721
64,4722
64,4723
64,4724
64,4725
64,4726
64,4727
64,4728
64,4729
64,4730
64,4731
64,4732
64,4733
64,4734
64,4735
64,4736
64,4737
64,4738
64,4739
64,4740
64,4741
64,4742
64,4743
64,4744
64,4745
64,4746
64,4747
64,4748
64,4749
64,4750
64,4751
64,4752
64,4753
64,4754
64,4755
64,4756
64,4757
64,4758
64,4759
64,4760
64,4761
64,4762
64,4763
64,4764
64,4765
64,4766
64,4767
64,4768
64,4769
64,4770
64,4771
64,4772
64,4773
64,4774
64,4775
64,4776
64,4777
64,4778
64,4779
64,4780
64,4781
64,4782
64,4783
64,4784
64,4785
64,4786
64,4787
64,4788
64,4789
64,4790
64,4791
64,4792
64,4793
64,4794
64,4795
64,4796
64,4797
64,4798
64,4799
64,4800
64,4801
64,4802
64,4803
64,4804
64,4805
64,4806
64,4807
64,4808
64,4809
64,4810
64,4811
64,4812
64,4813
64,4814
64,4815
64,4816
64,4817
64,4818
64,4819
64,4820
64,4821
64,4822
64,4823
64,4824
64,4825
64,4826
64,4827
64,4828
64,4829
64,4830
64,4831
64,4832
64,4833
64,4834
64,4835
64,4836
64,4837
64,4838
64,4839
64,4840
64,4841
64,4842
64,4843
64,4844
64,4845
64,4846
64,4847
64,4848
64,4849
64,4850
64,4851
64,4852
64,4853
64,4854
64,4855
64,4856
64,4857
64,4858
64,4859
64,4860
64,4861
64,4862
64,4863
64,4864
64,4865
64,4866
64,4867
64,4868
64,4869
64,4870
64,4871
64,4872
64,4873
64,4874
64,4875
64,4876
64,4877
64,4878
64,4879
64,4880
64,4881
64,4882
64,4883
64,4884
64,4885
64,4886
64,4887
64,4888
64,4889
64,4890
64,4891
64,4892
64,4893
64,4894
64,4895
64,4896
64,4897
64,4898
64,4899
64,4900
64,4901
64,4902
64,4903
64,4904
64,4905
64,4906
64,4907
64,4908
64,4909
64,4910
64,4911
64,4912
64,4913
64,4914
64,4915
64,4916
64,4917
64,4918
64,4919
64,4920
64,4921
64,4922
64,4923
64,4924
64,4925
64,4926
64,4927
64,4928
64,4929
64,4930
64,4931
64,4932
64,4933
64,4934
64,4935
64,4936
64,4937
64,4938
64,4939
64,4940
64,4941
64,4942
64,4943
64,4944
64,4945
64,4946
64,4947
64,4948
64,4949
64,4950
64,4951
64,4952
64,4953
64,4954
64,4955
64,4956
64,4957
64,4958
64,4959
64,4960
64,4961
64,4962
64,4963
64,4964
64,4965
64,4966
64,4967
64,4968
64,4969
64,4970
64,4971
64,4972
64,4973
64,4974
64,4975
64,4976
64,4977
64,4978
64,4979
64,4980
64,4981
64,4982
64,4983
64,4984
64,4985
64,4986
64,4987
64,4988
64,4989
64,4990
64,4991
64,4992
64,4993
64,4994
64,4995
64,4996
64,4997
64,4998
64,4999
64,5000
